{"Date":{"0":1712008800000,"1":1712095200000,"2":1712181600000,"3":1712268000000,"4":1712527200000,"5":1712613600000,"6":1712700000000,"7":1712786400000,"8":1712872800000,"9":1713132000000,"10":1713218400000,"11":1713304800000,"12":1713391200000,"13":1713477600000,"14":1713736800000,"15":1713823200000,"16":1713909600000,"17":1713996000000,"18":1714082400000,"19":1714341600000,"20":1714428000000},"Open":{"0":1.9880000353,"1":1.8949999809,"2":1.9190000296,"3":2.0,"4":2.1199998856,"5":2.5,"6":2.0,"7":1.7599999905,"8":1.7139999866,"9":1.7984999418,"10":1.863499999,"11":1.8014999628,"12":1.7890000343,"13":1.75,"14":1.8650000095,"15":1.9424999952,"16":1.9639999866,"17":1.8530000448,"18":1.9349999428,"19":2.2739999294,"20":2.2899999619},"High":{"0":2.0639998913,"1":1.9309999943,"2":2.0199999809,"3":2.0880000591,"4":2.5299999714,"5":2.5,"6":2.0250000954,"7":1.8279999495,"8":1.8049999475,"9":1.8739999533,"10":1.8639999628,"11":1.8609999418,"12":1.8739999533,"13":1.8539999723,"14":1.9509999752,"15":1.9769999981,"16":2.0450000763,"17":1.9455000162,"18":1.9349999428,"19":2.3789999485,"20":2.3570001125},"Low":{"0":1.8559999466,"1":1.7875000238,"2":1.8769999743,"3":1.9249999523,"4":2.0409998894,"5":1.9479999542,"6":1.7604999542,"7":1.6840000153,"8":1.7139999866,"9":1.7894999981,"10":1.7684999704,"11":1.7699999809,"12":1.7805000544,"13":1.7454999685,"14":1.8259999752,"15":1.875,"16":1.9359999895,"17":1.7840000391,"18":1.8619999886,"19":2.121999979,"20":1.9759999514},"Close":{"0":1.8899999857,"1":1.8609999418,"2":2.006000042,"3":1.9414999485,"4":2.3090000153,"5":1.993999958,"6":1.7814999819,"7":1.7124999762,"8":1.7840000391,"9":1.8509999514,"10":1.818500042,"11":1.7699999809,"12":1.7805000544,"13":1.8530000448,"14":1.9164999723,"15":1.9379999638,"16":1.9900000095,"17":1.8904999495,"18":1.9079999924,"19":2.2739999294,"20":2.0239999294},"Volume":{"0":3051160,"1":1704061,"2":2415247,"3":2314327,"4":8986428,"5":7102375,"6":4068070,"7":3120628,"8":1476342,"9":1757366,"10":1131858,"11":1201340,"12":1121753,"13":3979803,"14":1838215,"15":1419479,"16":1760441,"17":2327745,"18":1141312,"19":6868313,"20":4140973}}